City_ID,City,Country,Date,Lat,Lng,Max Temp,Humidity,Cloudiness,Wind Speed,Current Description
0,lorengau,PG,2021-09-28 01:10:33,-2.0226,147.2712,85.5,65,73,8.19,broken clouds
1,lebu,CL,2021-09-28 01:14:17,-37.6167,-73.65,48.31,82,98,14.45,overcast clouds
2,ambulu,ID,2021-09-28 01:14:18,-8.345,113.6058,80.22,68,16,4.79,few clouds
3,chuy,UY,2021-09-28 01:14:18,-33.6971,-53.4616,57.25,96,100,7.18,light rain
4,upernavik,GL,2021-09-28 01:09:22,72.7868,-56.1549,25.07,57,73,4.14,broken clouds
5,avarua,CK,2021-09-28 01:14:19,-21.2078,-159.775,80.65,74,75,10.36,broken clouds
6,hasaki,JP,2021-09-28 01:14:19,35.7333,140.8333,75.29,59,66,14.34,broken clouds
7,port lincoln,AU,2021-09-28 01:14:20,-34.7333,135.8667,68.07,46,55,3.91,broken clouds
8,airai,TL,2021-09-28 01:14:20,-8.9266,125.4092,77.05,33,16,3.11,few clouds
9,tutoia,BR,2021-09-28 01:14:21,-2.7619,-42.2744,79.81,84,38,12.15,scattered clouds
10,atuona,PF,2021-09-28 01:14:21,-9.8,-139.0333,77.85,73,14,19.66,few clouds
11,hingatungan,PH,2021-09-28 01:14:22,10.584,125.1852,85.23,68,91,1.99,overcast clouds
12,rikitea,PF,2021-09-28 01:14:22,-23.1203,-134.9692,73.33,74,5,21.12,clear sky
13,namibe,AO,2021-09-28 01:14:23,-15.1961,12.1522,62.67,88,39,1.05,scattered clouds
14,broken hill,AU,2021-09-28 01:14:23,-31.95,141.4333,70.47,20,100,9.75,overcast clouds
15,naifaru,MV,2021-09-28 01:14:24,5.4444,73.3657,80.08,79,100,21.05,overcast clouds
16,bengkulu,ID,2021-09-28 01:11:21,-3.8004,102.2655,78.33,86,61,3.53,broken clouds
17,poum,NC,2021-09-28 01:14:24,-20.2333,164.0167,71.47,72,71,10.04,broken clouds
18,nelson bay,AU,2021-09-28 01:10:29,-32.7167,152.15,75.29,54,11,3.0,few clouds
19,itapirapua,BR,2021-09-28 01:14:25,-15.8233,-50.6133,83.28,40,87,6.69,overcast clouds
20,sayyan,YE,2021-09-28 01:14:25,15.1718,44.3244,58.46,27,9,2.77,clear sky
21,kununurra,AU,2021-09-28 01:14:26,-15.7667,128.7333,87.78,51,99,4.61,overcast clouds
22,puerto ayora,EC,2021-09-28 01:14:26,-0.7393,-90.3518,69.08,91,89,8.55,overcast clouds
23,mataura,NZ,2021-09-28 01:14:27,-46.1927,168.8643,56.48,40,66,4.88,broken clouds
24,kiunga,PG,2021-09-28 01:14:27,-6.1219,141.2906,75.31,99,100,1.05,overcast clouds
25,kenai,US,2021-09-28 01:14:28,60.5544,-151.2583,49.03,44,1,4.61,clear sky
26,jamestown,US,2021-09-28 01:14:28,42.097,-79.2353,67.84,82,1,1.01,clear sky
27,kapaa,US,2021-09-28 01:13:00,22.0752,-159.319,85.98,75,20,7.0,light rain
28,korla,CN,2021-09-28 01:14:29,41.7597,86.1469,66.74,24,0,5.06,clear sky
29,ushuaia,AR,2021-09-28 01:14:29,-54.8,-68.3,40.66,87,75,17.27,light intensity drizzle
30,praia da vitoria,PT,2021-09-28 01:14:30,38.7333,-27.0667,67.75,90,98,13.73,overcast clouds
31,belmonte,BR,2021-09-28 01:14:30,-15.8631,-38.8828,75.7,86,31,7.05,scattered clouds
32,albany,US,2021-09-28 01:10:44,42.6001,-73.9662,69.67,84,100,5.86,overcast clouds
33,barbastro,ES,2021-09-28 01:14:31,42.0356,0.1269,63.14,61,44,2.8,scattered clouds
34,irati,BR,2021-09-28 01:14:31,-25.4672,-50.6511,65.5,68,8,3.18,clear sky
35,tiksi,RU,2021-09-28 01:14:32,71.6872,128.8694,32.63,95,99,4.21,light snow
36,new norfolk,AU,2021-09-28 01:14:32,-42.7826,147.0587,59.76,60,100,1.01,moderate rain
37,fayaoue,NC,2021-09-28 01:14:33,-20.65,166.5333,72.99,68,87,12.57,overcast clouds
38,nikolskoye,RU,2021-09-28 01:14:33,59.7035,30.7861,44.87,95,0,2.93,clear sky
39,butaritari,KI,2021-09-28 01:14:33,3.0707,172.7902,83.88,73,10,18.14,clear sky
40,virginia beach,US,2021-09-28 01:12:33,36.8529,-75.978,74.01,70,20,5.75,few clouds
41,sao filipe,CV,2021-09-28 01:14:34,14.8961,-24.4956,79.54,79,13,5.37,few clouds
42,khairpur,PK,2021-09-28 01:14:34,27.5295,68.7617,89.17,47,4,4.88,clear sky
43,barrow,US,2021-09-28 01:14:35,71.2906,-156.7887,30.22,80,90,11.5,overcast clouds
44,vilhena,BR,2021-09-28 01:14:35,-12.7406,-60.1458,71.71,69,1,3.33,clear sky
45,vallenar,CL,2021-09-28 01:14:36,-28.5708,-70.7581,69.94,34,0,0.83,clear sky
46,omemee,CA,2021-09-28 01:14:36,44.299,-78.5599,64.33,90,45,7.9,scattered clouds
47,santa rosa,PH,2021-09-28 01:14:37,14.3122,121.1114,88.86,70,43,2.26,scattered clouds
48,ahipara,NZ,2021-09-28 01:14:37,-35.1667,173.1667,56.68,64,12,13.42,few clouds
49,bluff,NZ,2021-09-28 01:14:38,-46.6,168.3333,56.8,66,89,12.75,overcast clouds
50,bintulu,MY,2021-09-28 01:10:33,3.1667,113.0333,79.9,85,77,2.66,broken clouds
51,dallas,US,2021-09-28 01:12:21,32.7668,-96.7836,82.65,47,40,6.91,scattered clouds
52,camocim,BR,2021-09-28 01:14:39,-2.9022,-40.8411,80.28,77,41,16.62,scattered clouds
53,ponta do sol,PT,2021-09-28 01:14:39,32.6667,-17.1,72.23,68,50,3.62,scattered clouds
54,punta arenas,CL,2021-09-28 01:14:39,-53.15,-70.9167,42.82,87,90,13.8,light rain
55,busselton,AU,2021-09-28 01:14:40,-33.65,115.3333,61.05,73,100,8.55,overcast clouds
56,arraial do cabo,BR,2021-09-28 01:14:40,-22.9661,-42.0278,71.22,90,4,19.46,clear sky
57,sioux lookout,CA,2021-09-28 01:14:41,50.1001,-91.917,50.81,62,56,4.9,broken clouds
58,ancud,CL,2021-09-28 01:14:41,-41.8697,-73.8203,45.93,87,99,3.44,overcast clouds
59,dongli,CN,2021-09-28 01:14:42,23.5656,116.8194,82.92,63,0,0.78,clear sky
60,ayan,RU,2021-09-28 01:14:42,56.45,138.1667,49.21,65,66,5.41,broken clouds
61,biak,ID,2021-09-28 01:14:43,-0.9131,122.8766,81.41,69,100,3.91,overcast clouds
62,miyako,JP,2021-09-28 01:14:43,39.6367,141.9525,68.97,65,92,8.66,overcast clouds
63,piacabucu,BR,2021-09-28 01:13:19,-10.4056,-36.4344,74.84,80,82,9.66,broken clouds
64,alekseyevka,RU,2021-09-28 01:14:44,50.6309,38.6903,47.89,89,100,7.23,overcast clouds
65,ribeira grande,PT,2021-09-28 01:14:44,38.5167,-28.7,70.23,81,97,11.72,overcast clouds
66,castro,BR,2021-09-28 01:14:45,-24.7911,-50.0119,65.44,71,46,5.12,scattered clouds
67,amapa,BR,2021-09-28 01:14:45,1.0,-52.0,73.69,76,4,3.33,clear sky
68,cape town,ZA,2021-09-28 01:10:44,-33.9258,18.4232,55.11,73,1,6.62,clear sky
69,mahebourg,MU,2021-09-28 01:14:46,-20.4081,57.7,70.25,73,94,14.34,light rain
70,namatanai,PG,2021-09-28 01:14:46,-3.6667,152.4333,85.46,67,78,5.06,broken clouds
71,lasa,IT,2021-09-28 01:14:46,46.6166,10.7002,53.02,78,2,4.94,clear sky
72,pevek,RU,2021-09-28 01:14:47,69.7008,170.3133,23.76,74,100,5.73,overcast clouds
73,tuktoyaktuk,CA,2021-09-28 01:14:47,69.4541,-133.0374,28.27,82,15,10.18,few clouds
74,mogadishu,SO,2021-09-28 01:12:39,2.0371,45.3438,77.07,83,71,17.76,broken clouds
75,ergani,TR,2021-09-28 01:14:48,38.2653,39.7621,60.35,26,0,6.44,clear sky
76,odweyne,SO,2021-09-28 01:14:48,9.4092,45.064,76.42,38,85,7.16,overcast clouds
77,naze,JP,2021-09-28 01:14:49,28.3667,129.4833,79.43,78,5,13.4,clear sky
78,paita,PE,2021-09-28 01:14:49,-5.0892,-81.1144,65.17,84,4,11.7,clear sky
79,tautira,PF,2021-09-28 01:14:50,-17.7333,-149.15,84.22,75,26,14.2,scattered clouds
80,cabo san lucas,MX,2021-09-28 01:14:50,22.8909,-109.9124,86.5,70,1,6.91,clear sky
81,tirlyanskiy,RU,2021-09-28 01:14:50,54.2109,58.5806,29.7,96,100,12.8,snow
82,georgetown,MY,2021-09-28 01:14:51,5.4112,100.3354,83.89,82,20,5.75,few clouds
83,puerto del rosario,ES,2021-09-28 01:14:51,28.5004,-13.8627,73.15,83,1,19.57,clear sky
84,caravelas,BR,2021-09-28 01:14:52,-17.7125,-39.2481,72.3,84,14,6.02,few clouds
85,kenora,CA,2021-09-28 01:12:37,49.8167,-94.4337,64.38,55,30,5.99,scattered clouds
86,yellowknife,CA,2021-09-28 01:13:05,62.456,-114.3525,43.41,80,20,5.99,few clouds
87,bambous virieux,MU,2021-09-28 01:14:52,-20.3428,57.7575,70.21,72,100,14.45,light rain
88,harstad,NO,2021-09-28 01:14:53,68.799,16.5293,56.7,78,100,30.0,overcast clouds
89,oranjemund,NA,2021-09-28 01:14:53,-28.55,16.4333,53.42,92,11,12.53,few clouds
90,vaini,TO,2021-09-28 01:14:54,-21.2,-175.2,80.76,78,20,6.91,few clouds
91,port elizabeth,ZA,2021-09-28 01:14:54,-33.918,25.5701,61.11,84,72,14.97,broken clouds
92,provideniya,RU,2021-09-28 01:14:54,64.3833,-173.3,33.91,69,75,11.18,broken clouds
93,alofi,NU,2021-09-28 01:10:14,-19.0595,-169.9187,76.86,77,10,14.81,clear sky
94,general pico,AR,2021-09-28 01:14:55,-35.6566,-63.7568,45.41,93,0,7.05,clear sky
95,rawson,AR,2021-09-28 01:14:56,-43.3002,-65.1023,54.14,39,31,4.43,scattered clouds
96,san cristobal,VE,2021-09-28 01:14:56,7.7669,-72.225,75.38,97,67,3.47,broken clouds
97,cassilandia,BR,2021-09-28 01:14:56,-19.1133,-51.7342,78.67,40,5,5.03,clear sky
98,katsuura,JP,2021-09-28 01:14:57,35.1333,140.3,76.1,69,97,14.18,overcast clouds
99,tarko-sale,RU,2021-09-28 01:14:57,64.9225,77.785,31.44,78,40,7.54,scattered clouds
100,sinazongwe,ZM,2021-09-28 01:14:58,-17.2614,27.4618,74.05,48,6,5.61,clear sky
101,krosno odrzanskie,PL,2021-09-28 01:14:58,52.0549,15.0988,62.85,92,100,3.76,overcast clouds
102,houma,US,2021-09-28 01:13:41,29.5958,-90.7195,80.01,91,100,5.93,overcast clouds
103,alyangula,AU,2021-09-28 01:14:59,-13.8483,136.4192,83.07,68,37,9.17,scattered clouds
104,xuddur,SO,2021-09-28 01:14:59,4.1213,43.8894,70.59,74,20,15.52,few clouds
105,leningradskiy,RU,2021-09-28 01:15:00,69.3833,178.4167,26.29,93,100,8.25,light snow
106,port alfred,ZA,2021-09-28 01:15:00,-33.5906,26.891,62.15,84,100,17.52,overcast clouds
107,san patricio,US,2021-09-28 01:15:03,28.017,-97.5169,83.12,72,6,9.6,clear sky
108,mastic beach,US,2021-09-28 01:15:03,40.7668,-72.8521,72.05,74,20,3.0,few clouds
109,dikson,RU,2021-09-28 01:15:04,73.5069,80.5464,34.9,86,100,20.31,overcast clouds
110,sitka,US,2021-09-28 01:15:05,57.0531,-135.33,49.89,81,90,11.5,light rain
111,chokurdakh,RU,2021-09-28 01:15:05,70.6333,147.9167,24.73,82,98,17.56,overcast clouds
112,meulaboh,ID,2021-09-28 01:15:05,4.1363,96.1285,78.46,82,100,10.74,overcast clouds
113,barstow,US,2021-09-28 01:15:06,34.8986,-117.0228,88.79,21,0,24.63,clear sky
114,ballina,AU,2021-09-28 01:15:06,-28.8667,153.5667,69.98,48,75,9.06,broken clouds
115,puerto ayacucho,VE,2021-09-28 01:15:07,5.6639,-67.6236,77.14,87,100,4.38,overcast clouds
116,laguna,US,2021-09-28 01:15:07,38.421,-121.4238,79.45,63,90,8.01,overcast clouds
117,clyde river,CA,2021-09-28 01:15:07,70.4692,-68.5914,27.63,88,23,12.26,few clouds
118,qaanaaq,GL,2021-09-28 01:15:08,77.484,-69.3632,24.48,65,100,7.09,overcast clouds
119,freeport,US,2021-09-28 01:15:08,40.6576,-73.5832,74.37,69,75,8.99,broken clouds
120,kodiak,US,2021-09-28 01:15:09,57.79,-152.4072,45.59,53,100,4.27,overcast clouds
121,am timan,TD,2021-09-28 01:15:09,11.0297,20.2827,75.85,81,100,1.1,overcast clouds
122,quilmana,PE,2021-09-28 01:15:10,-12.95,-76.3833,64.24,79,95,5.48,overcast clouds
123,sinnamary,GF,2021-09-28 01:15:10,5.3833,-52.95,79.95,83,99,10.47,overcast clouds
124,talnakh,RU,2021-09-28 01:15:11,69.4865,88.3972,31.91,57,100,1.28,overcast clouds
125,torit,SS,2021-09-28 01:15:11,4.4133,32.5678,69.42,91,99,1.45,overcast clouds
126,vostok,RU,2021-09-28 01:15:11,46.4856,135.8833,55.17,97,100,2.82,overcast clouds
127,abu dhabi,AE,2021-09-28 01:13:29,24.4667,54.3667,87.91,70,94,3.44,overcast clouds
128,grand forks,US,2021-09-28 01:12:26,47.9417,-97.4337,69.58,50,40,9.22,scattered clouds
129,burla,IN,2021-09-28 01:15:13,21.5,83.8667,76.06,93,100,5.03,overcast clouds
130,ananas,HT,2021-09-28 01:15:13,19.2466,-71.9557,68.95,92,100,2.64,overcast clouds
131,chapais,CA,2021-09-28 01:15:14,49.7834,-74.8492,42.58,93,100,9.6,overcast clouds
132,kautokeino,NO,2021-09-28 01:15:14,69.0125,23.0412,44.83,92,100,19.64,overcast clouds
133,untsukul,RU,2021-09-28 01:15:14,42.7115,46.7866,50.47,94,100,3.89,overcast clouds
134,trairi,BR,2021-09-28 01:13:31,-3.2778,-39.2689,79.41,83,57,11.59,broken clouds
135,hobart,AU,2021-09-28 01:13:07,-42.8794,147.3294,60.12,59,75,1.99,light rain
136,thompson,CA,2021-09-28 01:15:15,55.7435,-97.8558,53.76,76,75,8.05,broken clouds
137,mount pleasant,US,2021-09-28 01:10:54,32.7941,-79.8626,73.98,82,1,3.0,clear sky
138,luderitz,NA,2021-09-28 01:15:16,-26.6481,15.1594,55.47,79,2,19.19,clear sky
139,patancheru,IN,2021-09-28 01:15:16,17.5314,78.265,74.26,94,100,15.75,overcast clouds
140,saldanha,ZA,2021-09-28 01:15:17,-33.0117,17.9442,56.08,78,0,11.92,clear sky
141,rantepao,ID,2021-09-28 01:15:18,-2.9701,119.8978,78.15,70,65,3.15,broken clouds
142,miri,MY,2021-09-28 01:13:11,4.4148,114.0089,81.1,81,34,3.65,scattered clouds
143,egvekinot,RU,2021-09-28 01:15:19,66.3167,-179.1667,27.07,81,100,2.95,overcast clouds
144,touros,BR,2021-09-28 01:15:19,-5.1989,-35.4608,77.9,85,42,16.35,scattered clouds
145,bireun,ID,2021-09-28 01:15:20,5.203,96.7009,79.93,81,100,3.89,overcast clouds
146,srivardhan,IN,2021-09-28 01:15:20,18.0333,73.0167,76.01,92,100,5.5,light rain
147,balezino,RU,2021-09-28 01:15:21,57.9796,53.0106,32.02,89,15,8.9,few clouds
148,ler,SS,2021-09-28 01:15:21,8.3018,30.1418,73.08,82,65,1.86,broken clouds
149,la seyne-sur-mer,FR,2021-09-28 01:15:21,43.0982,5.8847,71.89,59,32,7.47,scattered clouds
150,salalah,OM,2021-09-28 01:15:22,17.0151,54.0924,78.89,94,20,4.61,few clouds
151,saint-philippe,RE,2021-09-28 01:15:22,-21.3585,55.7679,69.35,74,27,13.38,scattered clouds
152,jaciara,BR,2021-09-28 01:15:23,-15.9653,-54.9683,85.28,42,94,1.32,overcast clouds
153,rocha,UY,2021-09-28 01:15:23,-34.4833,-54.3333,55.58,98,100,5.23,overcast clouds
154,pacific grove,US,2021-09-28 01:15:24,36.6177,-121.9166,74.16,87,75,1.99,broken clouds
155,kaitangata,NZ,2021-09-28 01:15:24,-46.2817,169.8464,58.93,38,73,1.77,broken clouds
156,keetmanshoop,NA,2021-09-28 01:15:25,-26.5833,18.1333,52.72,82,14,6.2,few clouds
157,angoche,MZ,2021-09-28 01:15:25,-16.2325,39.9086,71.6,87,8,6.96,clear sky
158,sekoma,BW,2021-09-28 01:11:16,-24.4,23.8833,66.51,28,42,9.64,scattered clouds
159,barabinsk,RU,2021-09-28 01:15:26,55.3571,78.357,33.94,90,85,6.89,overcast clouds
160,victoria,HK,2021-09-28 01:12:52,22.2855,114.1577,86.97,79,4,1.01,clear sky
161,college,US,2021-09-28 01:15:26,64.8569,-147.8028,40.95,69,75,0.0,light rain
162,mehamn,NO,2021-09-28 01:15:27,71.0357,27.8492,52.47,75,100,10.27,overcast clouds
163,abonnema,NG,2021-09-28 01:15:27,4.7084,6.7931,75.13,93,99,3.89,overcast clouds
164,jeremie,HT,2021-09-28 01:15:28,18.65,-74.1167,81.34,82,22,6.62,few clouds
165,hermanus,ZA,2021-09-28 01:15:28,-34.4187,19.2345,54.9,80,6,6.24,clear sky
166,sola,VU,2021-09-28 01:15:29,-13.8833,167.55,79.3,80,56,18.72,broken clouds
167,cidreira,BR,2021-09-28 01:11:14,-30.1811,-50.2056,66.38,92,1,14.27,clear sky
168,kangaatsiaq,GL,2021-09-28 01:15:30,68.3065,-53.4641,26.15,57,0,12.97,clear sky
169,hit,IQ,2021-09-28 01:15:30,33.6416,42.8251,78.28,20,0,7.81,clear sky
170,longyearbyen,SJ,2021-09-28 01:15:31,78.2186,15.6401,33.64,93,75,5.75,light snow
171,fredericton,CA,2021-09-28 01:11:13,45.9454,-66.6656,58.01,89,100,1.99,light rain
172,kemijarvi,FI,2021-09-28 01:15:31,66.7131,27.4306,42.55,90,69,5.7,broken clouds
173,yablonovskiy,RU,2021-09-28 01:15:32,44.989,38.9432,50.14,91,0,4.47,clear sky
174,lucapa,AO,2021-09-28 01:15:33,-8.4192,20.7447,64.85,94,100,2.44,overcast clouds
175,bodden town,KY,2021-09-28 01:15:33,19.2833,-81.25,86.0,79,20,1.99,few clouds
176,teya,RU,2021-09-28 01:15:34,60.3778,92.6267,33.46,87,100,2.55,overcast clouds
177,port blair,IN,2021-09-28 01:15:34,11.6667,92.75,80.47,82,93,4.16,overcast clouds
178,capanema,BR,2021-09-28 01:15:34,-1.1958,-47.1808,73.0,95,0,2.95,clear sky
179,nemuro,JP,2021-09-28 01:15:35,43.3236,145.575,64.83,77,99,13.91,overcast clouds
180,black river,JM,2021-09-28 01:15:35,18.0264,-77.8487,84.2,77,9,1.21,clear sky
181,torbay,CA,2021-09-28 01:15:36,47.6666,-52.7314,58.57,94,75,14.97,broken clouds
182,riyadh,SA,2021-09-28 01:10:56,24.6877,46.7219,71.74,16,96,9.37,overcast clouds
183,hilo,US,2021-09-28 01:10:56,19.7297,-155.09,82.13,70,90,8.05,overcast clouds
184,portobelo,PA,2021-09-28 01:15:37,9.55,-79.65,79.21,83,100,1.39,overcast clouds
185,brigantine,US,2021-09-28 01:15:37,39.4101,-74.3646,72.01,68,1,8.05,clear sky
186,hithadhoo,MV,2021-09-28 01:15:38,-0.6,73.0833,82.8,74,100,16.02,overcast clouds
187,darhan,MN,2021-09-28 01:15:38,49.4867,105.9228,37.94,68,100,12.53,overcast clouds
188,coihaique,CL,2021-09-28 01:15:38,-45.5752,-72.0662,44.55,65,40,3.44,scattered clouds
189,kalat,PK,2021-09-28 01:15:39,29.0225,66.5916,60.89,70,5,3.04,clear sky
190,khasan,RU,2021-09-28 01:15:39,42.4308,130.6434,66.85,82,82,7.63,broken clouds
191,phan thiet,VN,2021-09-28 01:15:40,10.9333,108.1,82.15,75,83,2.68,broken clouds
192,lagoa,PT,2021-09-28 01:15:40,39.05,-27.9833,68.32,77,56,17.05,broken clouds
193,turayf,SA,2021-09-28 01:15:40,31.6725,38.6637,66.45,77,0,9.22,clear sky
194,mount gambier,AU,2021-09-28 01:15:41,-37.8333,140.7667,66.97,46,95,8.3,light rain
195,cherskiy,RU,2021-09-28 01:15:41,68.75,161.3,22.95,95,100,17.49,light snow
196,paamiut,GL,2021-09-28 01:15:42,61.994,-49.6678,34.03,59,0,1.74,clear sky
197,sosnovo,RU,2021-09-28 01:15:42,60.5514,30.2144,44.44,95,2,1.21,clear sky
198,dwarka,IN,2021-09-28 01:15:43,22.2394,68.9678,82.45,79,84,5.97,broken clouds
199,faanui,PF,2021-09-28 01:15:43,-16.4833,-151.75,79.63,73,6,14.88,clear sky
200,severo-kurilsk,RU,2021-09-28 01:15:12,50.6789,156.125,51.12,80,99,9.4,overcast clouds
201,beloha,MG,2021-09-28 01:15:44,-25.1667,45.05,71.02,55,9,10.56,clear sky
202,kruisfontein,ZA,2021-09-28 01:15:44,-34.0033,24.7314,58.89,84,100,14.14,overcast clouds
203,cap-aux-meules,CA,2021-09-28 01:15:45,47.3821,-61.8597,59.05,77,75,9.22,broken clouds
204,carnarvon,AU,2021-09-28 01:15:45,-24.8667,113.6333,69.87,52,41,10.36,scattered clouds
205,marshall,US,2021-09-28 01:15:45,34.3834,-86.3333,70.48,72,1,0.0,clear sky
206,berezovyy,RU,2021-09-28 01:15:46,51.6667,135.7,62.91,47,4,7.09,clear sky
207,beringovskiy,RU,2021-09-28 01:15:46,63.05,179.3167,39.22,68,100,4.16,overcast clouds
208,katherine,AU,2021-09-28 01:15:47,-14.4667,132.2667,89.92,48,0,6.91,clear sky
209,saskylakh,RU,2021-09-28 01:15:47,71.9167,114.0833,26.46,89,19,8.7,few clouds
210,bilma,NE,2021-09-28 01:15:47,18.6853,12.9164,84.31,21,4,7.36,clear sky
211,san pedro,PH,2021-09-28 01:15:48,14.35,121.0167,87.03,72,40,3.44,scattered clouds
212,san javier,ES,2021-09-28 01:15:48,37.8063,-0.8374,71.69,72,100,2.13,overcast clouds
213,bilibino,RU,2021-09-28 01:15:49,68.0546,166.4372,20.23,89,100,10.18,light snow
214,thinadhoo,MV,2021-09-28 01:15:49,0.5333,72.9333,83.07,72,84,14.83,broken clouds
215,yarada,IN,2021-09-28 01:15:49,17.65,83.2667,77.32,100,90,5.75,overcast clouds
216,bredasdorp,ZA,2021-09-28 01:15:50,-34.5322,20.0403,46.27,90,0,6.51,clear sky
217,la ronge,CA,2021-09-28 01:15:50,55.1001,-105.2842,57.45,77,1,5.75,clear sky
218,nanortalik,GL,2021-09-28 01:15:51,60.1432,-45.2371,34.48,68,0,2.19,clear sky
219,guymon,US,2021-09-28 01:15:51,36.6828,-101.4816,78.8,29,1,8.05,clear sky
220,fairbanks,US,2021-09-28 01:12:23,64.8378,-147.7164,40.96,69,75,0.0,broken clouds
221,sao miguel do araguaia,BR,2021-09-28 01:15:52,-13.275,-50.1628,80.82,52,43,1.66,scattered clouds
222,charleville-mezieres,FR,2021-09-28 01:15:52,49.7667,4.7167,51.48,96,100,3.91,overcast clouds
223,gijon,ES,2021-09-28 01:11:53,43.5357,-5.6615,62.46,87,100,1.01,overcast clouds
224,porto novo,BJ,2021-09-28 01:15:53,6.4965,2.6036,76.39,88,83,3.85,broken clouds
225,zyryanka,RU,2021-09-28 01:15:54,65.75,150.85,30.79,64,100,17.56,overcast clouds
226,garden city,US,2021-09-28 01:15:54,42.3256,-83.331,72.05,79,1,3.44,clear sky
227,richards bay,ZA,2021-09-28 01:15:54,-28.783,32.0377,69.85,82,85,14.61,overcast clouds
228,sistranda,NO,2021-09-28 01:15:55,63.7256,8.834,60.91,68,100,35.48,light rain
229,constitucion,CL,2021-09-28 01:13:00,-35.3333,-72.4167,52.0,64,0,7.54,clear sky
230,riberalta,BO,2021-09-28 01:15:55,-10.9833,-66.1,80.71,56,6,2.68,clear sky
231,bethel,US,2021-09-28 01:10:58,41.3712,-73.414,72.57,72,1,3.44,clear sky
232,corlu,TR,2021-09-28 01:15:56,41.1592,27.8,58.98,94,0,8.05,clear sky
233,comodoro rivadavia,AR,2021-09-28 01:15:56,-45.8667,-67.5,51.66,35,0,16.11,clear sky
234,bay roberts,CA,2021-09-28 01:15:57,47.5999,-53.2648,59.32,93,14,5.01,few clouds
235,jiayuguan,CN,2021-09-28 01:15:57,39.8167,98.3,64.18,18,0,3.29,clear sky
236,governador valadares,BR,2021-09-28 01:15:58,-18.8511,-41.9494,75.51,68,70,9.35,broken clouds
237,inarcs,HU,2021-09-28 01:15:58,47.262,19.327,62.98,86,100,5.03,overcast clouds
238,mersing,MY,2021-09-28 01:15:59,2.4312,103.8405,75.11,100,40,3.44,scattered clouds
239,mar del plata,AR,2021-09-28 01:12:42,-38.0023,-57.5575,49.12,73,0,1.01,clear sky
240,krasnoselkup,RU,2021-09-28 01:15:59,65.7,82.4667,30.67,81,76,8.39,broken clouds
241,casablanca,MA,2021-09-28 01:16:00,33.5928,-7.6192,69.33,77,13,5.01,few clouds
242,khatanga,RU,2021-09-28 01:16:00,71.9667,102.5,27.79,74,98,7.65,overcast clouds
243,hofn,IS,2021-09-28 01:16:01,64.2539,-15.2082,41.76,68,100,20.22,light rain
244,dzaoudzi,YT,2021-09-28 01:16:01,-12.7887,45.2699,75.09,94,0,6.91,clear sky
245,saint-georges,GD,2021-09-28 01:16:02,12.0564,-61.7485,80.28,83,20,0.0,few clouds
246,bathsheba,BB,2021-09-28 01:16:02,13.2167,-59.5167,83.01,74,40,8.05,scattered clouds
247,vicuna,CL,2021-09-28 01:16:03,-30.0319,-70.7081,75.78,26,0,2.06,clear sky
248,palmer,US,2021-09-28 01:16:03,42.1584,-72.3287,68.61,77,75,4.0,broken clouds
249,mazagao,BR,2021-09-28 01:14:43,-0.115,-51.2894,84.25,74,1,7.4,clear sky
250,hamilton,US,2021-09-28 01:14:22,39.1834,-84.5333,76.39,69,1,1.01,clear sky
251,imbituba,BR,2021-09-28 01:16:04,-28.24,-48.6703,70.83,93,4,11.7,clear sky
252,shelopugino,RU,2021-09-28 01:16:05,51.6514,117.5599,42.13,70,100,3.6,overcast clouds
253,kihei,US,2021-09-28 01:16:05,20.785,-156.4656,85.26,75,40,23.02,scattered clouds
254,finschhafen,PG,2021-09-28 01:16:05,-6.6024,147.8681,82.92,76,34,9.1,scattered clouds
255,pisco,PE,2021-09-28 01:14:38,-13.7,-76.2167,62.65,77,0,12.66,clear sky
256,kavaratti,IN,2021-09-28 01:16:06,10.5669,72.642,81.43,78,100,20.74,overcast clouds
257,sur,OM,2021-09-28 01:16:07,22.5667,59.5289,83.93,62,100,6.87,overcast clouds
258,upington,ZA,2021-09-28 01:16:07,-28.4478,21.2561,57.58,62,0,8.05,clear sky
259,bandarbeyla,SO,2021-09-28 01:16:07,9.4942,50.8122,76.96,87,76,17.52,broken clouds
260,saint-augustin,CA,2021-09-28 01:16:08,51.226,-58.6502,50.88,86,0,14.72,clear sky
261,verkh-neyvinskiy,RU,2021-09-28 01:16:08,57.2701,60.1376,32.32,87,88,9.78,overcast clouds
262,kalianget,ID,2021-09-28 01:16:09,-7.05,113.9333,82.24,66,21,8.48,few clouds
263,baruun-urt,MN,2021-09-28 01:16:09,46.6806,113.2792,45.68,55,0,13.76,clear sky
264,yulara,AU,2021-09-28 01:16:09,-25.2406,130.9889,78.64,19,0,3.44,clear sky
265,treinta y tres,UY,2021-09-28 01:16:10,-33.2333,-54.3833,54.63,95,100,7.16,overcast clouds
266,dalvik,IS,2021-09-28 01:16:10,65.9702,-18.5286,35.53,86,100,3.2,overcast clouds
267,araouane,ML,2021-09-28 01:16:11,18.9048,-3.5265,91.35,11,0,7.36,clear sky
268,estacion coahuila,MX,2021-09-28 01:16:11,32.1939,-115.0017,95.97,38,0,18.54,clear sky
269,chifeng,CN,2021-09-28 01:11:45,42.2683,118.9636,65.16,53,100,6.17,overcast clouds
270,turukhansk,RU,2021-09-28 01:16:12,65.8167,87.9833,32.68,73,97,7.05,overcast clouds
271,teguise,ES,2021-09-28 01:16:12,29.0605,-13.564,68.22,83,8,6.91,clear sky
272,westport,US,2021-09-28 01:16:13,41.1415,-73.3579,74.05,70,1,1.99,clear sky
273,antalaha,MG,2021-09-28 01:16:13,-14.9003,50.2788,70.48,85,75,6.78,light rain
274,kasempa,ZM,2021-09-28 01:16:13,-13.4584,25.8338,67.1,49,26,2.01,scattered clouds
275,tasiilaq,GL,2021-09-28 01:16:14,65.6145,-37.6368,37.56,59,1,6.49,clear sky
276,morehead,US,2021-09-28 01:16:14,37.2711,-87.1764,73.62,81,1,0.0,clear sky
277,tilichiki,RU,2021-09-28 01:16:15,60.4667,166.1,41.85,58,100,8.57,overcast clouds
278,turkistan,KZ,2021-09-28 01:16:15,43.0,68.0,55.8,51,0,5.03,clear sky
279,cap malheureux,MU,2021-09-28 01:16:16,-19.9842,57.6142,70.47,75,100,5.99,overcast clouds
280,traverse city,US,2021-09-28 01:16:16,44.7631,-85.6206,59.2,92,90,10.4,overcast clouds
281,buchanan,LR,2021-09-28 01:16:16,5.8808,-10.0467,75.16,86,100,5.01,overcast clouds
282,dzerzhinsk,RU,2021-09-28 01:16:17,56.2389,43.4631,38.82,93,0,6.71,clear sky
283,taoudenni,ML,2021-09-28 01:16:17,22.6783,-3.9836,93.42,9,4,9.48,clear sky
284,vanimo,PG,2021-09-28 01:16:18,-2.6741,141.3028,85.19,66,99,7.05,moderate rain
285,port hedland,AU,2021-09-28 01:16:18,-20.3167,118.5667,82.45,15,100,17.27,overcast clouds
286,hazorasp,UZ,2021-09-28 01:16:19,41.3194,61.0742,48.04,43,0,4.18,clear sky
287,yelan,RU,2021-09-28 01:16:19,50.949,43.7378,46.72,89,99,8.12,overcast clouds
288,kavieng,PG,2021-09-28 01:16:20,-2.5744,150.7967,85.19,67,79,9.28,broken clouds
289,cockburn town,TC,2021-09-28 01:16:20,21.4612,-71.1419,83.14,72,11,8.97,few clouds
290,san pedro de macoris,DO,2021-09-28 01:16:20,18.4616,-69.2972,82.49,87,98,6.91,overcast clouds
291,celestun,MX,2021-09-28 01:16:21,20.8667,-90.4,82.26,76,17,15.46,few clouds
292,byron bay,AU,2021-09-28 01:16:21,-28.65,153.6167,69.91,48,100,7.27,overcast clouds
293,tessalit,ML,2021-09-28 01:16:22,20.1986,1.0114,84.78,15,0,7.67,clear sky
294,collie,AU,2021-09-28 01:14:01,-33.3667,116.15,55.98,67,51,6.8,broken clouds
295,nome,US,2021-09-28 01:16:23,64.5011,-165.4064,39.27,56,1,5.75,clear sky
296,coromandel,BR,2021-09-28 01:16:23,-18.4733,-47.2003,73.87,47,100,4.34,overcast clouds
297,sao joao da barra,BR,2021-09-28 01:16:18,-21.6403,-41.0511,72.68,88,100,15.28,overcast clouds
298,belle fourche,US,2021-09-28 01:16:24,44.6714,-103.8522,81.25,8,5,8.48,clear sky
299,bria,CF,2021-09-28 01:16:25,6.5423,21.9863,67.82,97,100,2.62,overcast clouds
300,mount isa,AU,2021-09-28 01:16:25,-20.7333,139.5,94.77,10,96,12.66,overcast clouds
301,chake chake,TZ,2021-09-28 01:16:26,-5.2459,39.7666,73.02,85,100,6.85,overcast clouds
302,esperance,AU,2021-09-28 01:11:27,-33.8667,121.9,58.84,79,86,16.75,overcast clouds
303,chumikan,RU,2021-09-28 01:16:26,54.7183,135.315,51.73,78,48,10.94,scattered clouds
304,souillac,MU,2021-09-28 01:16:27,-20.5167,57.5167,70.36,73,20,8.05,light rain
305,smyrna,US,2021-09-28 01:16:12,33.884,-84.5144,71.49,85,1,0.0,clear sky
306,faya,SA,2021-09-28 01:16:28,18.3851,42.4509,62.71,25,6,4.0,clear sky
307,nador,MA,2021-09-28 01:16:28,35.174,-2.9287,64.65,94,20,0.0,few clouds
308,terrace,CA,2021-09-28 01:13:32,54.5163,-128.6035,52.43,97,100,1.23,overcast clouds
309,kudahuvadhoo,MV,2021-09-28 01:16:29,2.6708,72.8944,82.49,77,100,16.26,light rain
310,ojinaga,MX,2021-09-28 01:16:29,29.5667,-104.4167,86.95,32,1,4.61,clear sky
311,brainerd,US,2021-09-28 01:13:07,46.358,-94.2008,64.65,72,1,0.0,clear sky
312,dale,US,2021-09-28 01:16:30,38.1689,-86.99,76.73,68,1,8.05,clear sky
313,bosaso,SO,2021-09-28 01:16:30,11.2842,49.1816,87.73,52,81,1.99,broken clouds
314,kagal,IN,2021-09-28 01:16:31,16.5833,74.3167,70.0,95,100,6.17,overcast clouds
315,ursulo galvan,MX,2021-09-28 01:16:31,22.7333,-98.3,84.69,76,6,7.87,clear sky
316,ati,TD,2021-09-28 01:16:32,13.2154,18.3353,81.1,62,40,8.19,scattered clouds
317,yumen,CN,2021-09-28 01:16:32,40.2833,97.2,64.63,18,0,4.32,clear sky
318,traralgon,AU,2021-09-28 01:16:33,-38.1833,146.5333,69.85,64,100,1.99,overcast clouds
319,urumqi,CN,2021-09-28 01:16:33,43.801,87.6005,56.35,26,0,4.47,clear sky
320,bilkha,IN,2021-09-28 01:16:33,21.4333,70.6,76.33,94,100,2.39,overcast clouds
321,yar-sale,RU,2021-09-28 01:16:34,66.8333,70.8333,32.16,84,34,9.93,scattered clouds
322,pionerskiy,RU,2021-09-28 01:16:34,54.9508,20.2275,42.64,85,68,16.87,broken clouds
323,puerto escondido,MX,2021-09-28 01:16:35,15.85,-97.0667,85.03,61,40,0.0,scattered clouds
324,cutro,IT,2021-09-28 01:16:35,39.0353,16.9819,63.66,65,97,3.89,overcast clouds
325,abay,KZ,2021-09-28 01:16:36,49.6311,72.8539,46.78,68,100,5.88,overcast clouds
326,east london,ZA,2021-09-28 01:16:36,-33.0153,27.9116,64.63,76,100,17.76,overcast clouds
327,harper,LR,2021-09-28 01:16:37,4.375,-7.7169,76.17,90,96,6.69,overcast clouds
328,huarmey,PE,2021-09-28 01:16:37,-10.0681,-78.1522,63.5,84,11,6.96,few clouds
329,sokolo,ML,2021-09-28 01:16:37,14.7328,-6.1219,83.7,42,0,7.78,clear sky
330,esterhazy,CA,2021-09-28 01:16:38,50.65,-102.0843,67.05,26,82,5.91,broken clouds
331,ostrovnoy,RU,2021-09-28 01:16:38,68.0531,39.5131,46.02,88,100,4.97,overcast clouds
332,nuuk,GL,2021-09-28 01:16:39,64.1835,-51.7216,32.61,59,0,11.5,clear sky
333,tuni,IN,2021-09-28 01:16:39,17.35,82.55,77.13,91,100,2.98,moderate rain
334,sao gotardo,BR,2021-09-28 01:16:39,-19.3111,-46.0489,71.17,49,37,1.45,scattered clouds
335,vanavara,RU,2021-09-28 01:16:40,60.34,102.2797,33.62,88,100,9.71,overcast clouds
336,salamiyah,SY,2021-09-28 01:16:40,35.0113,37.0532,66.47,70,0,9.86,clear sky
337,long beach,US,2021-09-28 01:16:24,33.767,-118.1892,72.18,81,90,5.01,overcast clouds
338,aklavik,CA,2021-09-28 01:16:41,68.2191,-135.0107,34.63,86,26,6.15,scattered clouds
339,pangody,RU,2021-09-28 01:16:41,65.85,74.4859,31.06,76,79,3.44,broken clouds
340,maarianhamina,AX,2021-09-28 01:16:42,60.0973,19.9348,51.66,82,0,11.5,clear sky
341,mongu,ZM,2021-09-28 01:16:42,-15.2484,23.1274,66.02,26,4,5.21,clear sky
342,los llanos de aridane,ES,2021-09-28 01:16:43,28.6585,-17.9182,71.35,83,20,13.8,few clouds
343,yenagoa,NG,2021-09-28 01:16:44,4.9247,6.2642,73.83,96,33,3.4,scattered clouds
344,lompoc,US,2021-09-28 01:16:44,34.6391,-120.4579,68.11,89,90,9.22,mist
345,benghazi,LY,2021-09-28 01:16:44,32.1167,20.0667,74.71,70,16,6.17,few clouds
346,san jose de rio tinto,HN,2021-09-28 01:16:45,14.9333,-85.7,81.97,91,7,2.89,clear sky
347,feijo,BR,2021-09-28 01:16:45,-8.1642,-70.3536,78.13,68,5,2.33,clear sky
348,quatre cocos,MU,2021-09-28 01:16:46,-20.2078,57.7625,70.09,71,100,15.05,light rain
349,codrington,AU,2021-09-28 01:16:46,-38.2667,141.9667,65.37,59,97,5.03,overcast clouds
350,aksarka,RU,2021-09-28 01:16:47,66.5606,67.7975,31.06,84,100,10.16,overcast clouds
351,rexburg,US,2021-09-28 01:13:13,43.826,-111.7897,73.38,20,1,0.0,clear sky
352,changping,CN,2021-09-28 01:16:47,40.2186,116.2197,68.52,86,100,1.81,overcast clouds
353,kieta,PG,2021-09-28 01:16:48,-6.2167,155.6333,84.27,70,41,3.47,light rain
354,wajid,SO,2021-09-28 01:16:48,3.8093,43.2471,72.03,75,12,17.98,few clouds
355,lazaro cardenas,MX,2021-09-28 01:16:49,17.9583,-102.2,80.73,78,100,2.39,overcast clouds
356,coahuayana,MX,2021-09-28 01:16:49,18.7333,-103.6833,79.27,87,100,2.62,overcast clouds
357,cilegon,ID,2021-09-28 01:16:50,-6.0174,106.0538,82.29,71,87,2.26,overcast clouds
358,okhotsk,RU,2021-09-28 01:16:50,59.3833,143.3,46.94,85,100,8.55,light rain
359,civita castellana,IT,2021-09-28 01:16:51,42.2952,12.4092,70.27,83,41,3.51,scattered clouds
360,tura,IN,2021-09-28 01:16:51,25.5198,90.2201,76.15,87,36,2.71,scattered clouds
361,windhoek,NA,2021-09-28 01:16:51,-22.5594,17.0832,70.11,21,91,2.3,overcast clouds
362,iracoubo,GF,2021-09-28 01:16:52,5.4802,-53.2011,81.32,78,91,11.23,overcast clouds
363,verkhnetulomskiy,RU,2021-09-28 01:16:52,68.6073,31.7962,33.93,95,96,5.06,overcast clouds
364,marzuq,YE,2021-09-28 01:16:53,14.4,46.4667,76.69,39,91,1.61,overcast clouds
365,adelaide,AU,2021-09-28 01:16:53,-34.9333,138.6,74.59,31,0,9.22,clear sky
366,saint george,US,2021-09-28 01:16:15,37.1041,-113.5841,85.42,30,1,1.01,clear sky
367,nantucket,US,2021-09-28 01:15:38,41.2835,-70.0995,72.0,77,20,20.71,few clouds
368,pringsewu,ID,2021-09-28 01:16:54,-5.3582,104.9744,79.7,84,98,1.34,overcast clouds
369,lima,PE,2021-09-28 01:13:34,-12.0432,-77.0282,60.13,95,0,10.36,clear sky
370,zhigalovo,RU,2021-09-28 01:16:55,54.8097,105.1578,34.23,80,100,7.83,overcast clouds
371,arden,DK,2021-09-28 01:16:55,56.769,9.8618,56.62,89,100,9.42,overcast clouds
372,port macquarie,AU,2021-09-28 01:13:49,-31.4333,152.9167,74.37,51,51,13.78,broken clouds
373,peniche,PT,2021-09-28 01:16:56,39.3558,-9.3811,65.62,87,53,15.08,broken clouds
374,medak,IN,2021-09-28 01:16:56,18.0333,78.2667,70.66,97,100,18.07,moderate rain
375,dhidhdhoo,MV,2021-09-28 01:16:57,6.8833,73.1,81.45,75,100,17.52,heavy intensity rain
376,matara,LK,2021-09-28 01:16:57,5.9485,80.5353,78.98,85,99,15.14,light rain
377,gusau,NG,2021-09-28 01:16:58,12.1628,6.6614,75.0,72,18,7.54,few clouds
378,newnan,US,2021-09-28 01:12:04,33.3807,-84.7997,72.37,84,1,0.0,clear sky
379,saravan,AM,2021-09-28 01:16:58,39.7196,45.6483,48.85,48,0,6.42,clear sky
380,qaqortoq,GL,2021-09-28 01:16:59,60.7167,-46.0333,33.87,47,0,1.99,clear sky
381,abu samrah,SY,2021-09-28 01:16:59,35.3029,37.1841,66.79,66,0,9.46,clear sky
382,twin falls,US,2021-09-28 01:16:43,42.3505,-114.6445,70.14,21,1,5.75,clear sky
383,manturovo,RU,2021-09-28 01:17:00,58.3353,44.7619,33.71,96,11,5.01,few clouds
384,cootamundra,AU,2021-09-28 01:17:00,-34.65,148.0333,67.95,74,94,12.15,overcast clouds
385,hambantota,LK,2021-09-28 01:17:01,6.1241,81.1185,80.67,76,97,20.4,overcast clouds
386,maine-soroa,NE,2021-09-28 01:17:01,13.2114,12.0241,85.15,25,11,5.32,few clouds
387,hlatikulu,SZ,2021-09-28 01:17:01,-26.9667,31.3167,58.44,42,2,3.49,clear sky
388,eyl,SO,2021-09-28 01:17:02,7.9803,49.8164,79.3,71,65,12.68,broken clouds
389,lashio,MM,2021-09-28 01:17:02,22.9333,97.75,69.3,94,97,0.58,overcast clouds
390,aiquile,BO,2021-09-28 01:17:03,-18.2041,-65.1807,64.29,59,0,4.61,clear sky
391,pitimbu,BR,2021-09-28 01:17:03,-7.4706,-34.8086,75.79,85,48,16.55,scattered clouds
392,sept-iles,CA,2021-09-28 01:17:04,50.2001,-66.3821,54.05,92,75,3.0,broken clouds
393,salinas,US,2021-09-28 01:12:56,36.6777,-121.6555,74.57,74,90,10.36,overcast clouds
394,marrakesh,MA,2021-09-28 01:16:16,31.6315,-8.0083,66.27,77,0,9.22,clear sky
395,belyy yar,RU,2021-09-28 01:17:05,53.6039,91.3903,28.29,100,0,4.47,clear sky
396,isangel,VU,2021-09-28 01:17:05,-19.55,169.2667,82.51,57,75,13.8,broken clouds
397,asau,RO,2021-09-28 01:15:38,46.4333,26.4,56.75,77,38,1.43,light rain
398,pangnirtung,CA,2021-09-28 01:17:06,66.1451,-65.7125,32.83,66,100,1.36,overcast clouds
399,borgarnes,IS,2021-09-28 01:17:06,64.5383,-21.9206,37.96,72,71,5.59,broken clouds
400,morant bay,JM,2021-09-28 01:17:07,17.8815,-76.4093,83.82,80,78,6.29,broken clouds
401,sangar,RU,2021-09-28 01:17:07,63.9242,127.4739,42.17,57,6,1.92,clear sky
402,tarauaca,BR,2021-09-28 01:17:07,-8.1614,-70.7656,80.47,61,36,2.82,scattered clouds
403,narsaq,GL,2021-09-28 01:17:08,60.9167,-46.05,30.54,44,0,2.59,clear sky
404,lavrentiya,RU,2021-09-28 01:17:08,65.5833,-171.0,31.87,78,31,1.36,scattered clouds
405,henties bay,NA,2021-09-28 01:17:09,-22.116,14.2845,56.86,89,100,6.49,overcast clouds
406,eskil,TR,2021-09-28 01:17:09,38.4017,33.4131,59.79,43,0,2.75,clear sky
407,artena,IT,2021-09-28 01:17:10,41.7405,12.9137,69.64,88,20,2.21,few clouds
408,iqaluit,CA,2021-09-28 01:15:55,63.7506,-68.5145,31.73,80,75,8.99,broken clouds
409,ogaminana,NG,2021-09-28 01:17:10,7.5946,6.2248,71.22,98,98,4.03,overcast clouds
410,eureka,US,2021-09-28 01:15:06,40.8021,-124.1637,61.2,92,100,5.01,overcast clouds
411,norman wells,CA,2021-09-28 01:17:11,65.282,-126.8329,33.84,93,90,0.0,light snow
412,vila velha,BR,2021-09-28 01:17:11,-20.3297,-40.2925,75.15,83,75,8.05,broken clouds
413,nyurba,RU,2021-09-28 01:17:12,63.2842,118.3319,37.0,71,59,10.47,broken clouds
414,kirkwall,GB,2021-09-28 01:17:12,58.9848,-2.9587,50.34,83,60,10.36,broken clouds
415,sovetskiy,RU,2021-09-28 01:17:13,61.3614,63.5842,30.2,90,14,4.03,few clouds
416,katangli,RU,2021-09-28 01:17:13,51.7102,143.2326,59.18,78,100,14.2,moderate rain
417,nampula,MZ,2021-09-28 01:17:13,-15.1165,39.2666,64.96,82,10,3.65,clear sky
418,carauari,BR,2021-09-28 01:17:14,-4.8828,-66.8958,75.04,93,72,2.01,moderate rain
419,popova,RU,2021-09-28 01:17:14,42.9603,131.7228,66.29,77,86,6.4,overcast clouds
420,fortuna,US,2021-09-28 01:17:15,40.5982,-124.1573,60.93,73,90,0.0,overcast clouds
421,sechura,PE,2021-09-28 01:17:15,-5.5569,-80.8222,65.68,78,5,14.72,clear sky
422,batagay-alyta,RU,2021-09-28 01:17:16,67.8006,130.4114,30.52,82,94,3.85,overcast clouds
423,burnie,AU,2021-09-28 01:17:16,-41.0667,145.9167,55.38,61,99,3.18,overcast clouds
424,rincon,US,2021-09-28 01:12:26,32.296,-81.2354,76.86,85,1,4.61,clear sky
425,parabel,RU,2021-09-28 01:17:17,58.6978,81.4825,31.75,93,33,5.55,scattered clouds
426,gimli,CA,2021-09-28 01:17:17,50.6336,-96.9907,62.62,77,7,9.22,clear sky
427,vera cruz,BR,2021-09-28 01:17:17,-12.6333,-41.0333,70.11,69,0,7.47,clear sky
428,geraldton,AU,2021-09-28 01:17:18,-28.7667,114.6,68.41,60,8,4.61,clear sky
429,port hardy,CA,2021-09-28 01:15:17,50.6996,-127.4199,51.98,93,75,8.05,light intensity shower rain
430,dergachi,RU,2021-09-28 01:17:18,51.2328,48.7659,41.58,73,15,11.72,light rain
431,avera,US,2021-09-28 01:17:19,33.194,-82.5271,71.71,61,0,5.39,clear sky
432,hinton,CA,2021-09-28 01:17:19,53.4001,-117.5857,53.64,45,100,7.07,overcast clouds
433,saint-pierre,RE,2021-09-28 01:12:45,-21.3393,55.4781,69.44,75,20,5.75,few clouds
434,cumana,VE,2021-09-28 01:17:20,10.4635,-64.1775,91.49,79,100,7.23,overcast clouds
435,palauig,PH,2021-09-28 01:17:20,15.435,119.9045,85.66,69,45,3.2,scattered clouds
436,minab,IR,2021-09-28 01:17:21,27.1467,57.0801,81.9,73,6,1.23,clear sky
437,ternate,ID,2021-09-28 01:17:21,0.8,127.4,82.99,73,90,0.94,overcast clouds
438,shieli,KZ,2021-09-28 01:17:22,44.1667,66.75,57.7,51,0,7.9,clear sky
439,rudnogorsk,RU,2021-09-28 01:17:22,57.2639,103.7519,32.32,97,100,4.54,light snow
440,mayumba,GA,2021-09-28 01:17:23,-3.432,10.6554,75.43,90,100,7.52,light rain
441,ibra,OM,2021-09-28 01:17:23,22.6906,58.5334,78.8,61,100,3.27,overcast clouds
442,muros,ES,2021-09-28 01:16:33,42.7762,-9.0603,61.84,90,100,6.08,overcast clouds
443,port keats,AU,2021-09-28 01:17:24,-14.25,129.55,86.25,60,96,7.85,overcast clouds
444,tammisaari,FI,2021-09-28 01:17:24,59.9736,23.4339,44.91,97,2,8.23,clear sky
445,berlevag,NO,2021-09-28 01:17:24,70.8578,29.0864,51.31,80,98,14.34,overcast clouds
446,dunedin,NZ,2021-09-28 01:15:41,-45.8742,170.5036,52.97,50,57,5.41,broken clouds
447,anadyr,RU,2021-09-28 01:17:25,64.75,177.4833,36.1,87,75,8.95,light rain and snow
448,san carlos de bariloche,AR,2021-09-28 01:17:25,-41.1456,-71.3082,38.95,56,0,2.3,clear sky
449,nouakchott,MR,2021-09-28 01:17:26,18.0858,-15.9785,78.73,79,2,9.86,clear sky
450,bara,NG,2021-09-28 01:17:26,10.3744,10.7288,73.54,90,40,5.53,scattered clouds
451,ribnitz-damgarten,DE,2021-09-28 01:17:27,54.25,12.4667,64.11,69,100,13.35,overcast clouds
452,maniitsoq,GL,2021-09-28 01:17:27,65.4167,-52.9,34.45,43,0,7.52,clear sky
453,ulladulla,AU,2021-09-28 01:17:27,-35.35,150.4667,71.87,48,22,8.95,few clouds
454,soto la marina,MX,2021-09-28 01:14:02,23.7667,-98.2167,80.19,68,54,10.63,broken clouds
455,anloga,GH,2021-09-28 01:17:28,5.7947,0.8973,78.87,84,100,9.31,overcast clouds
456,haines junction,CA,2021-09-28 01:17:29,60.7522,-137.5108,35.55,60,100,9.22,overcast clouds
457,kokrajhar,IN,2021-09-28 01:17:29,26.399,90.2718,79.38,84,48,4.05,scattered clouds
458,wanaka,NZ,2021-09-28 01:13:13,-44.7,169.15,55.11,32,3,3.0,clear sky
459,hobyo,SO,2021-09-28 01:17:30,5.3505,48.5268,77.07,82,46,25.95,scattered clouds
460,vangaindrano,MG,2021-09-28 01:17:30,-23.35,47.6,68.0,82,82,3.27,broken clouds
461,cobija,BO,2021-09-28 01:17:30,-11.0267,-68.7692,82.08,51,34,3.02,scattered clouds
462,inirida,CO,2021-09-28 01:17:31,3.8653,-67.9239,74.05,95,95,3.91,overcast clouds
463,acajutla,SV,2021-09-28 01:17:31,13.5928,-89.8275,79.57,83,100,4.25,overcast clouds
464,pimenta bueno,BR,2021-09-28 01:17:32,-11.6725,-61.1936,80.15,61,72,3.53,broken clouds
465,van buren,US,2021-09-28 01:12:56,35.4368,-94.3483,80.62,43,1,6.91,clear sky
466,chicama,PE,2021-09-28 01:17:32,-7.8447,-79.1469,57.74,80,11,6.33,few clouds
467,hommersak,NO,2021-09-28 01:17:33,58.9317,5.8511,54.41,89,15,8.05,few clouds
468,auburndale,US,2021-09-28 01:17:33,28.0653,-81.7887,80.04,71,1,11.01,clear sky
469,hualmay,PE,2021-09-28 01:17:34,-11.0964,-77.6139,62.87,81,46,7.09,scattered clouds
470,natal,BR,2021-09-28 01:12:34,-5.795,-35.2094,77.65,83,75,9.22,broken clouds
471,aripuana,BR,2021-09-28 01:17:34,-9.1667,-60.6333,70.52,98,72,3.74,broken clouds
472,moron,AR,2021-09-28 01:16:59,-34.6534,-58.6198,55.15,97,100,5.01,overcast clouds
473,norderstedt,DE,2021-09-28 01:12:57,53.7,10.0167,58.14,95,0,5.75,clear sky
474,charters towers,AU,2021-09-28 01:17:35,-20.1,146.2667,82.44,37,5,14.79,clear sky
475,saint anthony,US,2021-09-28 01:17:36,45.0205,-93.218,68.94,65,1,0.0,clear sky
476,coachella,US,2021-09-28 01:14:49,33.6803,-116.1739,98.42,31,1,4.0,clear sky
477,lensk,RU,2021-09-28 01:17:36,60.7253,114.9278,34.03,96,100,8.12,overcast clouds
478,edd,ER,2021-09-28 01:17:37,13.9297,41.6925,85.12,72,19,6.31,few clouds
479,fare,PF,2021-09-28 01:17:37,-16.7,-151.0167,79.12,76,9,16.35,clear sky
480,tomatlan,MX,2021-09-28 01:17:38,19.9333,-105.25,77.92,91,100,3.11,overcast clouds
481,munchberg,DE,2021-09-28 01:17:38,50.2,11.7833,58.78,97,69,1.99,broken clouds
482,farah,AF,2021-09-28 01:17:39,32.5,62.5,66.27,32,0,3.56,clear sky
483,tahta,EG,2021-09-28 01:17:39,26.7693,31.5021,73.63,40,0,6.91,clear sky
484,polovinnoye,RU,2021-09-28 01:17:39,54.7914,65.9864,38.55,80,100,19.93,overcast clouds
485,seydi,TM,2021-09-28 01:17:40,39.4816,62.9137,58.15,46,0,6.98,clear sky
486,sao jose da coroa grande,BR,2021-09-28 01:13:48,-8.8978,-35.1478,75.43,84,36,12.95,scattered clouds
487,gat,IL,2021-09-28 01:17:40,31.61,34.7642,72.39,100,2,6.64,clear sky
488,ilulissat,GL,2021-09-28 01:17:41,69.2167,-51.1,23.02,36,0,8.05,clear sky
489,rosarito,MX,2021-09-28 01:17:41,32.3333,-117.0333,66.47,74,13,9.19,few clouds
490,regidor,CO,2021-09-28 01:17:42,8.6657,-73.8215,78.93,89,95,0.76,overcast clouds
491,quesnel,CA,2021-09-28 01:17:42,52.9999,-122.5029,59.5,51,1,5.75,clear sky
492,kerema,PG,2021-09-28 01:17:42,-7.9631,145.7785,83.03,78,100,6.46,overcast clouds
493,komsomolskiy,UZ,2021-09-28 01:15:32,40.4272,71.7189,58.42,54,0,4.61,clear sky
494,alice springs,AU,2021-09-28 01:17:43,-23.7,133.8833,83.75,15,40,6.91,scattered clouds
495,coquimbo,CL,2021-09-28 01:13:16,-29.9533,-71.3436,56.93,88,0,3.44,clear sky
496,marawi,PH,2021-09-28 01:17:09,7.9986,124.2928,77.65,60,79,2.15,broken clouds
497,port augusta,AU,2021-09-28 01:17:44,-32.5,137.7667,78.71,23,36,21.54,scattered clouds
498,atar,MR,2021-09-28 01:17:44,20.5169,-13.0499,92.21,12,0,4.32,clear sky
499,gushikawa,JP,2021-09-28 01:17:45,26.3544,127.8686,85.23,72,75,11.5,broken clouds
500,altay,CN,2021-09-28 01:17:45,47.8667,88.1167,45.27,53,100,3.2,overcast clouds
501,manjacaze,MZ,2021-09-28 01:17:46,-24.7117,33.8828,68.05,58,89,7.31,overcast clouds
502,ginda,IN,2021-09-28 01:17:46,30.6945,78.4932,61.0,81,0,5.39,clear sky
503,amga,RU,2021-09-28 01:17:46,60.8953,131.9608,39.15,72,100,8.3,light rain
504,labuhan,ID,2021-09-28 01:13:29,-6.8844,112.2051,81.95,66,79,8.3,broken clouds
505,sarankhola,BD,2021-09-28 01:17:47,22.3082,89.7897,78.13,92,100,11.56,overcast clouds
506,san,ML,2021-09-28 01:12:50,13.3034,-4.8956,81.55,57,0,8.55,clear sky
507,krasnovishersk,RU,2021-09-28 01:17:48,60.4078,57.082,32.14,86,94,3.65,overcast clouds
508,pulaski,US,2021-09-28 01:17:48,34.7668,-92.3001,80.17,60,40,8.01,scattered clouds
509,bolshaya martynovka,RU,2021-09-28 01:17:48,47.271,41.6679,48.06,78,81,4.61,broken clouds
510,iranshahr,IR,2021-09-28 01:17:49,27.2025,60.6848,82.89,30,81,1.61,broken clouds
511,olinda,BR,2021-09-28 01:17:49,-8.0089,-34.8553,76.73,69,75,18.41,broken clouds
512,atikokan,CA,2021-09-28 01:17:50,48.7555,-91.6216,52.36,55,4,3.74,clear sky
513,kahului,US,2021-09-28 01:17:50,20.8947,-156.47,85.26,74,40,23.02,scattered clouds
514,tarrafal,CV,2021-09-28 01:17:50,15.2833,-23.7667,79.32,81,13,11.81,few clouds
515,nawashahr,IN,2021-09-28 01:17:51,31.1167,76.1333,78.06,78,47,4.61,scattered clouds
516,wanning,CN,2021-09-28 01:17:51,18.8003,110.3967,81.75,83,1,5.35,clear sky
517,nioro,GM,2021-09-28 01:17:52,13.35,-15.75,74.88,86,14,15.01,few clouds
518,kapit,MY,2021-09-28 01:17:52,2.0167,112.9333,76.19,97,100,0.87,overcast clouds
519,san pedro de ycuamandiyu,PY,2021-09-28 01:17:53,-24.0917,-57.0764,84.29,31,49,4.14,scattered clouds
520,taganak,PH,2021-09-28 01:17:53,6.0833,118.3,84.34,82,64,8.86,broken clouds
521,mbarara,UG,2021-09-28 01:17:53,-0.608,30.65,61.88,90,81,3.6,broken clouds
522,margate,GB,2021-09-28 01:17:54,51.3813,1.3862,56.91,81,1,1.99,clear sky
523,portland,US,2021-09-28 01:13:58,45.5234,-122.6762,60.35,91,40,3.0,light rain
524,kazachinskoye,RU,2021-09-28 01:17:54,57.6953,93.2761,34.32,89,100,1.81,overcast clouds
525,oudenburg,BE,2021-09-28 01:17:55,51.1851,3.0085,55.36,88,20,5.01,few clouds
526,andros town,BS,2021-09-28 01:17:55,24.7,-77.7667,82.36,64,0,13.06,clear sky
527,salinopolis,BR,2021-09-28 01:17:56,-0.6136,-47.3561,78.91,83,0,9.19,clear sky
528,broome,US,2021-09-28 01:16:05,42.2506,-75.833,68.38,57,90,1.01,overcast clouds
529,terney,RU,2021-09-28 01:17:56,45.0503,136.6092,66.11,70,90,5.19,overcast clouds
530,nouadhibou,MR,2021-09-28 01:17:57,20.931,-17.0347,73.38,73,3,5.75,clear sky
531,guerrero negro,MX,2021-09-28 01:17:18,27.9769,-114.0611,69.75,70,0,16.06,clear sky
532,kayerkan,RU,2021-09-28 01:17:57,69.3497,87.7602,31.39,63,100,2.73,overcast clouds
533,baker city,US,2021-09-28 01:17:58,44.7749,-117.8344,74.91,20,20,13.8,few clouds
534,dingle,PH,2021-09-28 01:17:58,10.9995,122.6711,83.16,77,100,3.49,overcast clouds
535,gidole,ET,2021-09-28 01:16:15,5.65,37.3667,60.1,69,100,0.98,light rain
536,gacheta,CO,2021-09-28 01:17:59,4.8185,-73.6366,68.11,95,75,0.63,broken clouds
537,mareeba,AU,2021-09-28 01:17:59,-17.0,145.4333,81.45,60,100,9.37,overcast clouds
538,vila franca do campo,PT,2021-09-28 01:18:00,37.7167,-25.4333,70.2,90,13,6.67,few clouds
539,fukue,JP,2021-09-28 01:18:00,32.6881,128.8419,77.36,83,75,4.61,broken clouds
540,kailua,US,2021-09-28 01:17:15,21.4022,-157.7394,89.58,73,13,18.3,few clouds
541,haysville,US,2021-09-28 01:18:01,37.5645,-97.3523,84.27,40,1,1.01,clear sky
542,kamaishi,JP,2021-09-28 01:18:01,39.2667,141.8833,68.95,65,98,5.55,overcast clouds
543,sainte-marie,RE,2021-09-28 01:18:02,-20.8968,55.5496,69.93,68,75,16.11,broken clouds
544,primorsk,UA,2021-09-28 01:18:02,46.7348,36.3443,56.12,59,100,7.72,overcast clouds
545,xambioa,BR,2021-09-28 01:18:03,-6.4111,-48.5364,80.8,60,44,4.38,scattered clouds
546,smithers,CA,2021-09-28 01:15:18,54.7804,-127.1743,53.92,62,75,4.61,broken clouds
547,khandbari,NP,2021-09-28 01:18:03,27.3747,87.2039,71.58,74,26,3.15,scattered clouds
548,waipawa,NZ,2021-09-28 01:18:04,-41.4122,175.5153,52.3,61,100,11.81,overcast clouds
549,russell,US,2021-09-28 01:18:04,32.3502,-85.1999,73.0,91,1,0.0,clear sky
550,leshukonskoye,RU,2021-09-28 01:13:23,64.8989,45.7622,41.13,96,100,4.23,overcast clouds
551,marsabit,KE,2021-09-28 01:18:05,2.3284,37.9899,62.78,65,100,17.02,overcast clouds
552,grand gaube,MU,2021-09-28 01:18:05,-20.0064,57.6608,70.38,75,100,5.99,overcast clouds
553,acapulco,MX,2021-09-28 01:16:34,16.8634,-99.8901,80.42,83,75,4.61,broken clouds
554,whitehorse,CA,2021-09-28 01:15:22,60.7161,-135.0538,33.1,96,90,8.01,snow
555,kamariotissa,GR,2021-09-28 01:18:06,40.4833,25.4667,64.45,65,5,17.31,clear sky
556,puka,EE,2021-09-28 01:18:07,58.0559,26.2436,40.3,95,0,4.03,clear sky
557,nago,JP,2021-09-28 01:18:07,26.5881,127.9761,86.07,72,70,13.33,broken clouds
558,soure,BR,2021-09-28 01:18:08,-0.7167,-48.5233,80.69,78,6,12.37,clear sky
559,vao,NC,2021-09-28 01:18:08,-22.6667,167.4833,68.14,71,25,9.69,scattered clouds
560,karratha,AU,2021-09-28 01:17:13,-20.7377,116.8463,78.64,23,95,9.1,overcast clouds
561,praia,CV,2021-09-28 01:14:09,14.9215,-23.5087,78.8,82,6,11.21,clear sky
562,sanary-sur-mer,FR,2021-09-28 01:18:09,43.1178,5.8001,71.89,59,20,9.82,few clouds
563,guiyang,CN,2021-09-28 01:18:09,26.5833,106.7167,75.69,69,20,8.95,few clouds
564,tuatapere,NZ,2021-09-28 01:18:10,-46.1333,167.6833,56.82,56,92,5.46,overcast clouds
565,zhigansk,RU,2021-09-28 01:18:10,66.7697,123.3711,36.21,76,100,27.02,overcast clouds
566,boyolangu,ID,2021-09-28 01:18:11,-8.1181,111.8935,78.13,71,80,9.95,broken clouds
567,kolpashevo,RU,2021-09-28 01:18:11,58.3131,82.9089,31.05,95,33,4.76,scattered clouds
568,meadow lake,US,2021-09-28 01:18:11,34.8014,-106.5436,71.11,50,52,10.65,broken clouds
569,yacuiba,BO,2021-09-28 01:18:12,-22.038,-63.6797,90.99,33,13,8.66,few clouds
570,silver city,US,2021-09-28 01:16:53,32.7701,-108.2803,59.63,72,91,3.0,overcast clouds
571,hirara,JP,2021-09-28 01:18:13,24.8,125.2833,84.47,74,75,12.66,broken clouds
572,quang ngai,VN,2021-09-28 01:18:13,15.1167,108.8,81.03,78,14,4.61,few clouds
573,the valley,AI,2021-09-28 01:13:35,18.217,-63.0578,82.81,67,0,12.28,clear sky
574,talcahuano,CL,2021-09-28 01:18:14,-36.7167,-73.1167,56.88,44,0,5.75,clear sky
575,deputatskiy,RU,2021-09-28 01:18:14,69.3,139.9,24.64,66,94,6.02,overcast clouds
576,buin,CL,2021-09-28 01:18:15,-33.7333,-70.75,66.74,55,0,4.5,clear sky
577,gunjur,GM,2021-09-28 01:18:15,13.2019,-16.7339,75.27,94,40,0.0,thunderstorm
578,xiangxiang,CN,2021-09-28 01:18:16,27.7333,112.5333,83.01,69,6,3.02,clear sky
579,santa fe,AR,2021-09-28 01:16:53,-31.6333,-60.7,73.0,67,10,7.0,clear sky
580,morondava,MG,2021-09-28 01:18:16,-20.2833,44.2833,72.54,84,27,2.33,scattered clouds
581,wuwei,CN,2021-09-28 01:18:17,37.9281,102.6414,66.02,32,0,2.51,clear sky
582,sembe,CG,2021-09-28 01:18:17,1.6481,14.5806,67.59,99,53,2.28,broken clouds
583,kasungu,MW,2021-09-28 01:18:18,-13.0333,33.4833,68.32,53,6,5.28,clear sky
584,mbanza-ngungu,CD,2021-09-28 01:18:18,-5.25,14.8667,71.94,74,100,3.44,overcast clouds
585,mitu,CO,2021-09-28 01:18:18,1.1983,-70.1733,75.38,85,26,1.12,light rain
586,pyaozerskiy,RU,2021-09-28 01:18:19,65.8333,31.1667,45.19,89,53,4.9,broken clouds
587,pangoa,PE,2021-09-28 01:18:19,-12.1167,-73.0,73.31,75,73,3.42,broken clouds
588,aravissos,GR,2021-09-28 01:18:20,40.84,22.2956,72.43,75,84,0.76,broken clouds
589,hovd,MN,2021-09-28 01:18:20,48.0056,91.6419,30.52,38,18,2.3,few clouds
590,adre,TD,2021-09-28 01:18:21,13.4667,22.2,74.89,70,95,3.6,overcast clouds
591,verkhnevilyuysk,RU,2021-09-28 01:18:21,63.4453,120.3167,36.39,74,72,10.02,broken clouds
592,katrineholm,SE,2021-09-28 01:18:21,58.9959,16.2072,55.29,84,100,10.67,overcast clouds
593,adrar,MR,2021-09-28 01:18:22,20.5022,-10.0711,89.02,11,0,1.86,clear sky
594,lakatoro,VU,2021-09-28 01:18:22,-16.0999,167.4164,81.07,72,43,11.7,scattered clouds
595,altamira,BR,2021-09-28 01:16:46,-3.2033,-52.2064,72.21,95,12,2.91,few clouds
596,evensk,RU,2021-09-28 01:18:23,61.95,159.2333,45.14,44,100,4.21,overcast clouds
597,calamar,CO,2021-09-28 01:18:23,10.2511,-74.9146,84.15,87,37,7.47,scattered clouds
598,prachuap khiri khan,TH,2021-09-28 01:18:24,12.2167,99.75,79.11,81,30,1.86,scattered clouds
599,parakou,BJ,2021-09-28 01:18:24,9.3372,2.6303,70.84,98,83,5.3,broken clouds
600,warrington,GB,2021-09-28 01:18:24,53.3925,-2.5802,51.62,88,20,1.01,few clouds
601,leh,IN,2021-09-28 01:18:25,34.1667,77.5833,53.46,41,28,3.76,scattered clouds
602,palmital,BR,2021-09-28 01:18:25,-22.7889,-50.2175,77.76,43,0,4.12,clear sky
603,padang,ID,2021-09-28 01:18:26,-0.9492,100.3543,78.85,79,56,2.37,broken clouds
604,newport,GB,2021-09-28 01:17:40,51.5877,-2.9984,55.94,89,65,10.13,broken clouds
605,halifax,CA,2021-09-28 01:14:00,44.6453,-63.5724,62.47,83,19,1.99,few clouds
606,sambava,MG,2021-09-28 01:16:50,-14.2667,50.1667,69.44,84,71,10.18,light rain
607,smolensk,RU,2021-09-28 01:16:20,55.0,33.0,45.86,92,100,6.55,overcast clouds
608,new waterford,US,2021-09-28 01:18:27,40.8451,-80.6145,71.85,78,7,9.06,clear sky
609,kingsville,US,2021-09-28 01:14:42,27.5159,-97.8561,82.81,81,40,1.99,scattered clouds
610,nova olimpia,BR,2021-09-28 01:18:28,-14.7972,-57.2881,81.7,48,0,2.8,clear sky
611,road town,VG,2021-09-28 01:18:28,18.4167,-64.6167,82.2,75,2,12.08,clear sky
612,kirillov,RU,2021-09-28 01:18:28,59.863,38.3813,44.53,90,94,4.34,overcast clouds
613,port moresby,PG,2021-09-28 01:18:29,-9.4431,147.1797,84.76,68,44,11.97,scattered clouds
614,tecalitlan,MX,2021-09-28 01:18:29,19.4667,-103.3,67.55,98,100,2.53,overcast clouds
615,mitsamiouli,KM,2021-09-28 01:16:16,-11.3847,43.2844,76.64,73,2,2.01,clear sky
616,jiblah,YE,2021-09-28 01:18:30,13.9216,44.1467,66.47,42,82,3.65,broken clouds
617,novoagansk,RU,2021-09-28 01:18:31,61.9449,76.6625,31.53,93,30,6.96,scattered clouds
618,atasu,KZ,2021-09-28 01:18:31,48.6814,71.6433,50.43,54,81,8.57,broken clouds
619,kunming,CN,2021-09-28 01:18:31,25.0389,102.7183,60.73,88,20,11.18,few clouds
620,taltal,CL,2021-09-28 01:18:32,-25.4,-70.4833,61.16,74,17,5.68,few clouds
621,mackay,AU,2021-09-28 01:18:32,-21.15,149.2,81.68,64,57,11.56,broken clouds
622,mahibadhoo,MV,2021-09-28 01:14:51,3.7833,72.9667,81.36,80,100,17.29,overcast clouds
623,yishui,CN,2021-09-28 01:18:33,35.7847,118.6281,70.48,82,94,7.05,light rain
624,koygorodok,RU,2021-09-28 01:18:34,60.445,50.9968,30.07,93,36,2.39,scattered clouds
625,effingham,US,2021-09-28 01:18:34,32.3669,-81.3332,76.84,92,0,5.01,clear sky
626,karpogory,RU,2021-09-28 01:18:35,64.0019,44.4451,44.35,86,100,3.65,overcast clouds
627,olga,RU,2021-09-28 01:18:36,43.7444,135.2892,67.71,60,15,3.22,few clouds
628,tevriz,RU,2021-09-28 01:18:36,57.509,72.4042,37.36,81,100,4.45,overcast clouds
629,elizabeth city,US,2021-09-28 01:18:37,36.2946,-76.2511,73.02,73,1,6.91,clear sky
630,havelock,US,2021-09-28 01:18:37,34.8791,-76.9013,75.94,70,1,5.75,clear sky
631,gouvy,BE,2021-09-28 01:18:37,50.186,5.9392,51.04,97,100,3.71,overcast clouds
632,zhangzhou,CN,2021-09-28 01:18:38,24.5133,117.6556,85.93,64,0,1.77,clear sky
633,itaituba,BR,2021-09-28 01:18:16,-4.2761,-55.9836,73.35,91,100,0.74,overcast clouds
634,perth,AU,2021-09-28 01:18:39,-31.9333,115.8333,63.18,68,75,14.97,broken clouds
635,keelung,TW,2021-09-28 01:18:39,25.1283,121.7419,88.12,83,53,8.5,broken clouds
636,gorontalo,ID,2021-09-28 01:18:40,0.5412,123.0595,86.56,63,89,3.02,overcast clouds
637,saurimo,AO,2021-09-28 01:18:40,-9.6608,20.3916,64.35,88,100,3.09,overcast clouds
638,kyra,RU,2021-09-28 01:18:41,49.5776,111.9753,38.07,57,100,11.95,overcast clouds
639,oussouye,SN,2021-09-28 01:18:41,12.485,-16.5469,77.18,87,97,3.4,overcast clouds
640,okakarara,NA,2021-09-28 01:18:41,-20.5833,17.4333,62.74,34,5,7.0,clear sky
641,port-gentil,GA,2021-09-28 01:17:41,-0.7193,8.7815,77.4,83,79,10.29,broken clouds
642,santo antonio do leverger,BR,2021-09-28 01:18:42,-15.8656,-56.0767,84.58,59,3,3.98,clear sky
643,necochea,AR,2021-09-28 01:18:43,-38.5473,-58.7368,38.03,84,0,6.96,clear sky
644,havre-saint-pierre,CA,2021-09-28 01:15:52,50.2334,-63.5986,51.8,93,90,2.3,overcast clouds
645,santander,ES,2021-09-28 01:18:43,43.4647,-3.8044,62.98,91,90,3.0,overcast clouds
646,tommot,RU,2021-09-28 01:18:44,58.9564,126.2925,41.25,97,100,6.2,light rain
647,honiara,SB,2021-09-28 01:18:44,-9.4333,159.95,83.48,76,80,3.56,broken clouds
648,olafsvik,IS,2021-09-28 01:18:22,64.8945,-23.7142,38.73,82,86,15.46,overcast clouds
649,ryotsu,JP,2021-09-28 01:18:45,38.0833,138.4333,75.16,61,53,5.03,broken clouds
650,linkoping,SE,2021-09-28 01:18:45,58.4109,15.6216,54.79,88,90,11.5,overcast clouds
651,bahia blanca,AR,2021-09-28 01:18:46,-38.7196,-62.2724,47.73,59,0,7.72,clear sky
652,yzeure,FR,2021-09-28 01:18:46,46.5644,3.355,53.11,89,64,1.28,broken clouds
653,abu zabad,SD,2021-09-28 01:18:46,12.35,29.25,77.99,62,100,1.97,overcast clouds
654,vilyuysk,RU,2021-09-28 01:18:47,63.7553,121.6247,36.91,71,74,11.79,broken clouds
655,aitape,PG,2021-09-28 01:18:47,-3.1374,142.3475,85.71,66,91,4.34,overcast clouds
656,shingu,JP,2021-09-28 01:18:48,33.7333,135.9833,79.79,85,85,13.18,overcast clouds
657,san juan,AR,2021-09-28 01:18:48,-31.5375,-68.5364,70.74,28,0,10.98,clear sky
658,daru,PG,2021-09-28 01:14:18,-9.0763,143.2092,81.23,75,85,14.54,overcast clouds
659,magadan,RU,2021-09-28 01:18:49,59.5667,150.8,45.86,76,100,3.76,overcast clouds
660,batsfjord,NO,2021-09-28 01:18:50,70.6345,29.7185,51.4,81,97,16.28,overcast clouds
661,alihe,CN,2021-09-28 01:18:50,50.5667,123.7167,50.9,70,100,5.59,overcast clouds
662,hay river,CA,2021-09-28 01:15:17,60.8156,-115.7999,49.98,71,90,14.97,overcast clouds
663,madarounfa,NE,2021-09-28 01:18:51,13.3087,7.156,82.09,44,7,6.46,clear sky
664,san quintin,MX,2021-09-28 01:18:51,30.4833,-115.95,68.74,76,85,15.19,overcast clouds
665,muroto,JP,2021-09-28 01:18:52,33.2833,134.15,75.24,78,100,19.04,overcast clouds
666,yeppoon,AU,2021-09-28 01:18:52,-23.1333,150.7333,73.18,64,71,15.88,broken clouds
667,anupgarh,IN,2021-09-28 01:18:52,29.1911,73.2086,86.67,58,53,5.28,broken clouds
668,calabozo,VE,2021-09-28 01:18:53,8.9242,-67.4293,76.06,88,98,3.94,overcast clouds
669,gravelbourg,CA,2021-09-28 01:18:53,49.8834,-106.5512,70.07,21,14,8.7,few clouds
670,lubango,AO,2021-09-28 01:18:54,-14.9172,13.4925,59.43,65,64,3.22,broken clouds
671,batemans bay,AU,2021-09-28 01:18:54,-35.7167,150.1833,71.1,41,29,8.41,scattered clouds
672,ucluelet,CA,2021-09-28 01:14:02,48.9329,-125.5528,57.09,87,100,9.64,light rain
673,hoa binh,VN,2021-09-28 01:14:13,20.8133,105.3383,78.69,82,15,2.26,few clouds
674,pop,UZ,2021-09-28 01:18:55,40.8736,71.1089,59.49,54,0,0.72,clear sky
675,cayenne,GF,2021-09-28 01:18:28,4.9333,-52.3333,83.08,80,20,1.99,few clouds
676,anzio,IT,2021-09-28 01:18:56,41.4853,12.6179,72.45,99,14,5.03,few clouds
677,lumby,CA,2021-09-28 01:15:23,50.2498,-118.969,63.05,92,100,5.75,overcast clouds
678,georgiyevka,KZ,2021-09-28 01:18:56,43.0369,74.7114,48.24,76,75,8.95,broken clouds
679,ous,RU,2021-09-28 01:18:57,60.9058,61.5186,30.69,93,99,3.58,overcast clouds
680,paramirim,BR,2021-09-28 01:18:57,-13.4425,-42.2389,74.62,59,6,6.42,clear sky
681,izhma,RU,2021-09-28 01:18:58,65.0083,53.9113,38.53,79,100,4.34,overcast clouds
682,kungurtug,RU,2021-09-28 01:18:58,50.5994,97.5228,20.19,79,98,1.83,overcast clouds
683,emerald,AU,2021-09-28 01:18:59,-23.5333,148.1667,77.34,47,74,17.76,broken clouds
684,jalu,LY,2021-09-28 01:18:59,29.0331,21.5482,70.34,64,0,8.48,clear sky
685,dubbo,AU,2021-09-28 01:15:12,-32.25,148.6167,68.13,52,90,13.8,overcast clouds
686,rondonopolis,BR,2021-09-28 01:19:00,-16.4708,-54.6356,85.93,38,50,1.03,scattered clouds
687,klaksvik,FO,2021-09-28 01:15:43,62.2266,-6.589,45.52,86,100,11.27,overcast clouds
688,bereda,ES,2021-09-28 01:19:00,43.2686,-7.5406,55.42,100,100,1.68,overcast clouds
689,chongwe,ZM,2021-09-28 01:19:01,-15.3292,28.682,70.68,40,100,3.62,overcast clouds
690,ulaangom,MN,2021-09-28 01:18:40,49.9811,92.0667,34.32,34,100,2.21,overcast clouds
691,oriximina,BR,2021-09-28 01:19:02,-1.7656,-55.8661,75.16,90,93,4.61,moderate rain
692,chabahar,IR,2021-09-28 01:19:02,25.2919,60.643,83.14,75,16,8.63,few clouds
